{"count":1,"self":3502.1271039999997,"total":8288.124362999999,"children":{"InitializeSensors":{"count":32,"self":0.001808,"total":0.001808,"children":null},"AgentSendState":{"count":1259132,"self":60.7734144,"total":185.849571,"children":{"CollectObservations":{"count":2014624,"self":16.8204512,"total":16.820451,"children":null},"CollectDiscreteActionMasks":{"count":2014624,"self":13.8200992,"total":13.820098999999999,"children":null},"RequestDecision":{"count":2014624,"self":41.2597504,"total":94.435604,"children":{"AgentInfo.ToProto":{"count":2014624,"self":31.922694399999997,"total":53.175853,"children":{"GenerateSensorData":{"count":2014624,"self":21.253159999999998,"total":21.253159999999998,"children":null}}}}}}},"DecideAction":{"count":1259132,"self":1576.4835328,"total":1576.483506,"children":null},"AgentAct":{"count":1259132,"self":3008.3674112,"total":3010.0713739999997,"children":{"AgentInfo.ToProto":{"count":43918,"self":0.95119599999999993,"total":1.704005,"children":{"GenerateSensorData":{"count":43918,"self":0.752809,"total":0.752809,"children":null}}}}},"AgentInfo.ToProto":{"count":341024,"self":7.7025032,"total":13.589561,"children":{"GenerateSensorData":{"count":341024,"self":5.887058,"total":5.887058,"children":null}}}},"gauges":{"UR10Cola.CumulativeReward":{"count":384942,"max":0.591175437,"min":-53.9945831,"runningAverage":-5.03243351,"value":-4.783041,"weightedAverage":-4.21136427}},"metadata":{"timer_format_version":"0.1.0","start_time_seconds":"1621502736","unity_version":"2021.1.6f1","command_line_arguments":"\/home\/rolando\/Unity\/Hub\/Editor\/2021.1.6f1\/Editor\/Unity -projectpath \/home\/rolando\/Dokumente\/RL\/UnityRL -useHub -hubIPC -cloudEnvironment production -hubSessionId 17351ff0-b94d-11eb-b929-a7a92d79bb7c -accessToken ujtstdqy60b-OoIrAOzyVqBObd48-wz4Ls_8dqBXNxg008f","communication_protocol_version":"1.0.0","com.unity.ml-agents_version":"1.2.0-preview","scene_name":"FarmTraining","end_time_seconds":"1621511024"}}